"Reference","Qty","Value","DNP","Exclude from BOM","Exclude from Board","Exclude from Simulation","Exclude from Position Files","Footprint","Datasheet"
"C1","1","100nF","","","","","${EXCLUDE_FROM_POS_FILES}","Capacitor_THT:C_Disc_D6.0mm_W4.4mm_P5.00mm",""
"D1","1","LED","","","","","${EXCLUDE_FROM_POS_FILES}","LED_THT:LED_D5.0mm",""
"R1","1","GL5528","","","","","${EXCLUDE_FROM_POS_FILES}","OptoDevice:R_LDR_5.0x4.1mm_P3mm_Vertical",""
"R2,R3,R4,R5","4","10K","","","","","${EXCLUDE_FROM_POS_FILES}","Resistor_THT:R_Axial_DIN0207_L6.3mm_D2.5mm_P7.62mm_Horizontal",""
"R6","1","330R","","","","","${EXCLUDE_FROM_POS_FILES}","Resistor_THT:R_Axial_DIN0207_L6.3mm_D2.5mm_P7.62mm_Horizontal",""
"R7,R8","2","4.7K","","","","","${EXCLUDE_FROM_POS_FILES}","Resistor_THT:R_Axial_DIN0207_L6.3mm_D2.5mm_P7.62mm_Horizontal",""
"U1","1","LM393","","","","","${EXCLUDE_FROM_POS_FILES}","Package_DIP:DIP-8_W7.62mm","http://www.ti.com/lit/ds/symlink/lm393.pdf"
"U2","1","ESP32-WROOM-32","","","","","${EXCLUDE_FROM_POS_FILES}","ESP32-WROOM-32:MODULE_ESP32-WROOM-32",""
"U3","1","ADS1115","","","","","${EXCLUDE_FROM_POS_FILES}","ADS1115:MSOP10",""
